{"parego": [[0.4270803980704749, 0.4271018039045416, 0.4271018039045416, 0.42712718840310465, 0.42712718840310465, 0.42712718840310465, 0.42712718840310465, 0.4271407620833982, 0.4271407620833982, 0.4271407620833982, 0.4271407620833982, 0.4271407620833982, 0.4281763019041194, 0.4281763019041194, 0.42817635016515565, 0.42817635016515565, 0.42817649037539396, 0.42817649037539396, 0.42817649037539396, 0.42817649037539396], [0.4268544196732355, 0.4268544196732355, 0.4271106630063041, 0.4273675509449109, 0.4273675509449109, 0.4273676410824197, 0.42791862148130866, 0.42791889263504773, 0.42791889263504773, 0.42791889263504773, 0.42791889295727914, 0.42791889295727914, 0.42791889295727914, 0.42791889295727914, 0.42791889295727914, 0.42791893134091824, 0.42791893134091824, 0.42791893134091824, 0.42791893134091824, 0.42791893134091824], [0.42693859784322996, 0.42693859784322996, 0.427223504168121, 0.427223504168121, 0.4275463083771583, 0.4275463083771583, 0.42754631885185984, 0.4275465286211177, 0.4275465866063534, 0.4275465866063534, 0.4275465866063534, 0.42789782766221485, 0.42789782766221485, 0.427897829615339, 0.427897829615339, 0.427897829615339, 0.427897829615339, 0.42789782963912926, 0.4279642340668139, 0.4279642340668139], [0.42636306915539435, 0.426410540699039, 0.426847782156507, 0.426847782156507, 0.426847782156507, 0.426847782156507, 0.426847782156507, 0.426847782156507, 0.4274936861349804, 0.4274936861349804, 0.4274937304225086, 0.4274937486759663, 0.42749396109067217, 0.4275981948013967, 0.4275981948013967, 0.4275981948013967, 0.4275981948013967, 0.4275981948013967, 0.4275981948013967, 0.4275981948013967], [0.42692996725978527, 0.42741426478422395, 0.42741427878717564, 0.4274621199529724, 0.4274621199529724, 0.4274621199529724, 0.4274621199529724, 0.42781340852733535, 0.42781340852733535, 0.42781340852733535, 0.42781340852733535, 0.42781340852733535, 0.42781340852733535, 0.42781340852733535, 0.42781340852733535, 0.42781340852733535, 0.4278800902057515, 0.4278800902057515, 0.4278800902057515, 0.4278800902057515]], "nsga2": [[0.4270803980704749, 0.4270803980704749, 0.4270803980704749, 0.4270805016851306, 0.42708056890874635, 0.4271089982838607, 0.4271090055593516, 0.4271090055593516, 0.42745964584643725, 0.4275024837931778, 0.42788421915800684, 0.42788421915800684, 0.4290807553513421, 0.4294902683491263, 0.4294902683491263, 0.42949048993208816, 0.42949048993208816, 0.42957657730972937, 0.42957657730972937, 0.42957679792751846], [0.4268544196732355, 0.4281831624720025, 0.42818408218584053, 0.42818459445995244, 0.4281849017806868, 0.4281851659016208, 0.42818516591581957, 0.4281851854156283, 0.4281851854156283, 0.4281851854156283, 0.4281851854156283, 0.4281851854156283, 0.4281851854156283, 0.4281851854156283, 0.4281851854156283, 0.4281849943049317, 0.4281849943049317, 0.4281849943049317, 0.42818553418988015, 0.42838506397642906], [0.42693859784322996, 0.42693859784322996, 0.42693859784322996, 0.42731926479705035, 0.42731926479705035, 0.42731926479705035, 0.42731926479705035, 0.4275951518905502, 0.4275951518905502, 0.4275951518905502, 0.4275951518905502, 0.42764261866295816, 0.42764261866295816, 0.42789922527369034, 0.42789922527369034, 0.42789922527369034, 0.4278992416512069, 0.4278992416512069, 0.4278992416512069, 0.4289244664704766], [0.42636306915539435, 0.4265625604068183, 0.4266006973338325, 0.4266006973338325, 0.4270765021849228, 0.4278931847266682, 0.4278931847266682, 0.4280315759833828, 0.42803174135423216, 0.42803174135423216, 0.42803174135423216, 0.42803174135423216, 0.42836366462998404, 0.4283637775744959, 0.4283637775744959, 0.4283637775744959, 0.4287633899302932, 0.4295327679424856, 0.4295331336000697, 0.4295437234439823], [0.42692996725978527, 0.42693000324687996, 0.42693000324687996, 0.4277191752627581, 0.4279282259402401, 0.4280707664871024, 0.4283366385727676, 0.42833676901740375, 0.42833676901740375, 0.42837452320780095, 0.42837452320780095, 0.42837452320780095, 0.42851715913597743, 0.42851715913597743, 0.42851715913597743, 0.42863539919984095, 0.42863539919984095, 0.42863539919984095, 0.4286353992954684, 0.4286353992954684]]}