{"parego": [[0.4278275382830624, 0.42782780735927184, 0.42786829309984725, 0.42786829309984725, 0.42786829309984725, 0.42786829309984725, 0.42786829309984725, 0.42786829309984725, 0.4280583450343563, 0.4280583450343563, 0.4280583450343563, 0.4280583450343563, 0.4280583450343563, 0.4280583450343563, 0.4280583450343563, 0.4280583450343563, 0.4280583450343563, 0.4280583450343563, 0.4280583450343563, 0.4280583450343563], [0.4277514313422212, 0.4277514313422212, 0.42776698377210265, 0.42776698377210265, 0.42776698377210265, 0.42776698377210265, 0.42776698377210265, 0.42776698377210265, 0.42776698377210265, 0.42776698377210265, 0.42776698377210265, 0.42788002527418945, 0.42788002527418945, 0.42788002527418945, 0.42788002527418945, 0.42788002527418945, 0.42788002527418945, 0.42788002527418945, 0.42788002527418945, 0.42788002527418945], [0.4270803980704749, 0.4271018039045416, 0.42725271606339477, 0.4272527947691453, 0.4272527947691453, 0.4272529396598462, 0.4272529396598462, 0.4272529396598462, 0.4272529396598462, 0.4272529396598462, 0.4272529396598462, 0.4272529396598462, 0.4272529396598462, 0.4272529396598462, 0.4274522692169778, 0.4274522692169778, 0.4276137238507531, 0.4276137238507531, 0.4276137238507531, 0.42847820187931424], [0.4268544196732355, 0.4268544196732355, 0.4268544196732355, 0.427642358703516, 0.4276423615020861, 0.4277183294298005, 0.42793853345804034, 0.4279385503705403, 0.4279385503705403, 0.4279385503752413, 0.42793855040762796, 0.42793855040762796, 0.42855569834640006, 0.42855569834640006, 0.42855569834640006, 0.42855569834640006, 0.42855569834640006, 0.42855569834640006, 0.42855569845293195, 0.42855569845293195], [0.42693859784322996, 0.42693859784322996, 0.42693907647335533, 0.42693907647335533, 0.4273092059090681, 0.4273153626363174, 0.4273153626363174, 0.4276960448286763, 0.4276960448286763, 0.4276960448286763, 0.4276960448286763, 0.4276960448286763, 0.4276960448286763, 0.42774349929055905, 0.42774349929055905, 0.42774349929055905, 0.42774349929055905, 0.42774349929055905, 0.42774349929055905, 0.42774349929055905]], "nsga3": [[0.42782746160190976, 0.42782740555118043, 0.4278279109209605, 0.4278279109209605, 0.4278279109209605, 0.42782800867725207, 0.4278281980879954, 0.4278281980879954, 0.4281610503846871, 0.4281610503846871, 0.42820065522116835, 0.4282001230749844, 0.42820065522116835, 0.4282007780579006, 0.42820001209166403, 0.4287700494212414, 0.4287700494212414, 0.4287700494212414, 0.4287700494212414, 0.4287697287527194], [0.4277514313422212, 0.42775147815802983, 0.4277514313422212, 0.4277515417493328, 0.4277515417493328, 0.4277514697878758, 0.4277515417493328, 0.4277515417493328, 0.4277514313422212, 0.4291485819767715, 0.429148582035616, 0.4291486136310903, 0.4291486136310903, 0.42943381528462793, 0.429433470755084, 0.42987971118278706, 0.42987971118278706, 0.42987971118278706, 0.42987971118278706, 0.42987971118278706], [0.4270801499165587, 0.42814697330061013, 0.4283796055290653, 0.42892914404872556, 0.42892914404872556, 0.42892843749276344, 0.4283798314163661, 0.4290728526027406, 0.4290722720989199, 0.4290752452577334, 0.4290752452577334, 0.4290748113231123, 0.4290748113231123, 0.4290722720989199, 0.4294178061580584, 0.42941829030439743, 0.42941829030439743, 0.42941829030439743, 0.42941829030439743, 0.42941829030439743], [0.42673841153662245, 0.42688968744605854, 0.42685431373486743, 0.42685431373486743, 0.42685431373486743, 0.4268544654764613, 0.4271874810237715, 0.42731749345924974, 0.42731786216344503, 0.4273178799668826, 0.4273178799668826, 0.4280687541141144, 0.42806938196530137, 0.4280701679327374, 0.4280701679327374, 0.4280701679327374, 0.428070943763468, 0.4280701679327374, 0.42809598468109694, 0.4280425361500386], [0.42693859784322996, 0.42693859784322996, 0.4277937328419601, 0.4277937328419601, 0.4277937328419601, 0.4277937328419601, 0.42779276483604595, 0.42779276483604595, 0.4280002977586007, 0.4280002977586007, 0.4280002977586007, 0.4280002977586007, 0.42835169891465863, 0.42835169891465863, 0.4284271325999183, 0.42842789864675357, 0.42897934360566914, 0.42897934360566914, 0.42897934360566914, 0.4289796708886747]], "moea": [[0.4278275382830624, 0.4282836521236452, 0.42828386711293576, 0.4282844710747825, 0.4282844710747825, 0.42828469400925856, 0.42828469400925856, 0.42828469400925856, 0.4282848098996026, 0.42828481418365477, 0.42828481418365477, 0.42828481418365477, 0.42828519038750834, 0.4282852311647058, 0.4282852311647058, 0.4282852311647058, 0.4282852311647058, 0.42828557333476863, 0.42828557333476863, 0.42828557333476863], [0.4277514313422212, 0.4277514313422212, 0.4277514313422212, 0.42775159371565213, 0.4289112846678922, 0.4289112846678922, 0.4289112846678922, 0.4289112846678922, 0.428911546332353, 0.4289115843644355, 0.4289115843644355, 0.4289116020182367, 0.4289116020182367, 0.4289116020182367, 0.4289116020182367, 0.4289116020182367, 0.4289116020182367, 0.4289116020182367, 0.4295287535364668, 0.4295287666941371], [0.4270803980704749, 0.4270803980704749, 0.42709204704941883, 0.42709204710617743, 0.42709204711658505, 0.4271122103049829, 0.4271200588253084, 0.4274334919987662, 0.4276421796692238, 0.4277276770686954, 0.4277276770686954, 0.4279462115352829, 0.4279462158557507, 0.4279462158557507, 0.4282121425608292, 0.4282121425608292, 0.42857280925797253, 0.4285925448301831, 0.42955967614345625, 0.4295599584436433], [0.4268544196732355, 0.42685445384549087, 0.42685452173773414, 0.4268545689177103, 0.4268545689177103, 0.42685457173217617, 0.4268547344447498, 0.4268547344447498, 0.4268547344447498, 0.4281469454151878, 0.4281469454151878, 0.4281469454151878, 0.4281469454151878, 0.4281469454151878, 0.4281469454151878, 0.4281469454151878, 0.4281469454151878, 0.4281469454151878, 0.4281469454151878, 0.4287366848365292], [0.42693859784322996, 0.4271574986839933, 0.4271574986839933, 0.42715755617668344, 0.42715755617668344, 0.42715755617668344, 0.42715755617668344, 0.42715755617668344, 0.42715755617668344, 0.42715755617668344, 0.4273425691982273, 0.4273425691982273, 0.42751341080949, 0.4284257413387841, 0.4284257413387841, 0.42842574306896386, 0.42842582585307987, 0.42842582585307987, 0.42842582585307987, 0.42842582585307987]]}