{"parego": [[0.4277514313422212, 0.4277514313422212, 0.4277514313422212, 0.4277514313422212, 0.4277514313422212, 0.4277514313422212, 0.42781792407485564, 0.42781792407485564, 0.42781792407485564, 0.42781792407485564, 0.42781792407485564, 0.42781792407485564, 0.42781792407485564, 0.42781792407485564, 0.42781792407485564, 0.42781792407485564, 0.42781792407485564, 0.42781792407485564, 0.42781792407485564, 0.42902367141297443], [0.4270803980704749, 0.4270803980704749, 0.42720990729227887, 0.42720990729227887, 0.4272100015814996, 0.427210049314748, 0.4272103898106391, 0.4272103898106391, 0.42721039438874686, 0.4272103944427759, 0.4274572859938607, 0.4274572859938607, 0.4274857644407757, 0.4274857644407757, 0.4274857644407757, 0.42759971651475337, 0.42759971651475337, 0.4277853346056, 0.4277853346056, 0.4277853346056], [0.4268544196732355, 0.4268544196732355, 0.4271961461035067, 0.4272247532277428, 0.4272251902178717, 0.4272251902178717, 0.4275107085775879, 0.4275107085775879, 0.4275180749095329, 0.4275180749095329, 0.4275180749095329, 0.4275180749095329, 0.4275180749095329, 0.4275180749095329, 0.4275180749095329, 0.4275180749095329, 0.4280591825361157, 0.4280591825361157, 0.4280591825361157, 0.4281250029599306], [0.42693859784322996, 0.4282495646070007, 0.4283431003231557, 0.42834316748002116, 0.42834316748002116, 0.42834316748002116, 0.42834316748002116, 0.42854262954594885, 0.42854262954594885, 0.42854263051473407, 0.42854268864535305, 0.42854268864535305, 0.4285428172251362, 0.42854302767388236, 0.42856201306922226, 0.428562100903922, 0.428562100903922, 0.42856227493469845, 0.42856227505939115, 0.42856227505939115], [0.42636306915539435, 0.42636306915539435, 0.4267716528654432, 0.4267906144120788, 0.42679064586094817, 0.42679064586094817, 0.42736060793036956, 0.42736060793036956, 0.4275599373303558, 0.4275599373303558, 0.4275599373303558, 0.4275599373303558, 0.4275599373303558, 0.4275599373303558, 0.4275599373303558, 0.4275599373303558, 0.4275599373303558, 0.42840541821081407, 0.42840541821081407, 0.42840541821081407]], "nsga2": [[0.4277514313422212, 0.42893906276579985, 0.42893920575724764, 0.42898124273193894, 0.42898124273193894, 0.42898124273193894, 0.4289814258476162, 0.42957934852981644, 0.42957934852981644, 0.42957955929457764, 0.4295799692274558, 0.42969378082162646, 0.42969378082162646, 0.42969378082162646, 0.42969378082162646, 0.42969378082162646, 0.42969378082162646, 0.42969378082162646, 0.42969406941148075, 0.42969406941148075], [0.4270803980704749, 0.4270803980704749, 0.4271469320706517, 0.42810653350023126, 0.42821102711704395, 0.4282110455403941, 0.428211747099201, 0.4282118742169723, 0.4282118742169723, 0.4282118781108839, 0.42821205125858725, 0.42821205411648045, 0.42821205411648045, 0.42821205411648045, 0.42821205411648045, 0.42821205411648045, 0.428212200646129, 0.428212200646129, 0.428212200646129, 0.428212200646129], [0.4268544196732355, 0.4268544196732355, 0.42685442578960164, 0.42685442578960164, 0.42685450241742884, 0.42782286483050525, 0.4278228747797237, 0.42782293321826503, 0.4278230635383586, 0.4278230635383586, 0.4278231094578464, 0.42788955615424673, 0.42788955615424673, 0.4278896023040799, 0.42854559430696654, 0.4285456861781515, 0.4285459779532894, 0.4285459779532894, 0.42854603423624893, 0.4285460581961764], [0.42693859784322996, 0.4272711017036689, 0.4272711542289846, 0.4272711542289846, 0.4272713248371252, 0.427271356627822, 0.42753716199270636, 0.42753716199270636, 0.42804896113961277, 0.42804896113961277, 0.42804896113961277, 0.4280873153597802, 0.4280873153597802, 0.4280874214583226, 0.4280874214583226, 0.4280874214583226, 0.4280874214583226, 0.4280875821491995, 0.4280875822113143, 0.4280876127292381], [0.42636306915539435, 0.42636307109991856, 0.4274457474436583, 0.4274458483312702, 0.42744593435022105, 0.4274469905432896, 0.4274469905432896, 0.4274470133285253, 0.4281790731548826, 0.4281790731548826, 0.4281790731548826, 0.4281790731548826, 0.4281790731548826, 0.4281790731548826, 0.42817907315696646, 0.4281790829886785, 0.4286069965422038, 0.4286069965422038, 0.4286069965422038, 0.4286069965422038]], "nsga3": [[0.4277514313422212, 0.4277514313422212, 0.4277514313422212, 0.4277514313422212, 0.4277515385847767, 0.4277515385847767, 0.42867265965574225, 0.4286728816045785, 0.4286728816045785, 0.42853602192144047, 0.42853561758774805, 0.4282412446801363, 0.42853602192144047, 0.4283792912246404, 0.42853625767713255, 0.42909048662647375, 0.4286736326477116, 0.4286736326477116, 0.4290909179975418, 0.4290909501001829], [0.4270801499165587, 0.42718461667008223, 0.4271839605086144, 0.4271839605086144, 0.4271839605086144, 0.4271839605086144, 0.42728842726213795, 0.42728842726213795, 0.42778245551087396, 0.42778233144271754, 0.42778245551087396, 0.42778245551087396, 0.42778245551087396, 0.42778233144271754, 0.4281534597836555, 0.4281534597836555, 0.4281534597836555, 0.4281534597836555, 0.4281534597836555, 0.4281534597836555], [0.42673841153662245, 0.42685431373486743, 0.4268485805021905, 0.4275062929759702, 0.4275062929759702, 0.4276242942157104, 0.42742687098536286, 0.4276242942157104, 0.42726191155545257, 0.42742901963380275, 0.42742901963380275, 0.42742901963380275, 0.42742901963380275, 0.4276242942157104, 0.42726191155545257, 0.42726191155545257, 0.4276242942157104, 0.42750839201746543, 0.4276242942157104, 0.42750839201746543], [0.42693859784322996, 0.42693859784322996, 0.42693859784322996, 0.42693859784322996, 0.427213923154846, 0.4274456159394993, 0.4274456159394993, 0.4274456159394993, 0.42744571751064503, 0.4274456159394993, 0.428443842102135, 0.4284440057985779, 0.4284440057985779, 0.42844389142839795, 0.42844389142839795, 0.4286535909219389, 0.4286535909219389, 0.4286535909219389, 0.4286538295322853, 0.4286538295322853], [0.42636306915539435, 0.42714250981043317, 0.42714250367706513, 0.42754139180283357, 0.42714250981043317, 0.42754138850794793, 0.42717132154404813, 0.427959936219946, 0.42796015321226927, 0.4276650783624686, 0.42796962708458147, 0.42796962708458147, 0.42821689367174487, 0.4283689484918514, 0.4283689484918514, 0.4283689484918514, 0.4283689484918514, 0.4283689484918514, 0.42921409414072287, 0.42921409414072287]],