{"parego time": [[78.820556640625, 90.14574694633484, 104.57769107818604, 119.56545543670654, 126.98982620239258, 134.37580251693726, 145.38356757164001, 155.20039176940918, 168.16573357582092, 181.21999549865723, 211.49033737182617, 207.16522216796875, 232.74676966667175, 239.60461902618408, 279.70252203941345, 291.1665909290314, 286.56168580055237, 350.8946475982666, 390.79951572418213], [83.7000482082367, 111.60642385482788, 110.10724687576294, 122.4956545829773, 136.2728762626648, 149.65351247787476, 163.5646092891693, 174.5294964313507, 196.17335319519043, 207.07328367233276, 221.41031885147095, 230.04630780220032, 247.04280519485474, 267.8976857662201, 276.9732644557953, 334.5890967845917, 281.21204352378845, 308.4395606517792, 304.0154094696045], [68.79985022544861, 82.24676775932312, 97.2479887008667, 108.37854790687561, 149.27561593055725, 138.4245364665985, 162.28944635391235, 175.73873901367188, 215.78808784484863, 206.05678725242615, 211.67759823799133, 210.56623768806458, 229.4672932624817, 22055.230117559433, 247.61125111579895, 260.7581799030304, 273.95038533210754, 289.9607493877411, 303.74692845344543], [68.26912450790405, 81.02804970741272, 94.75005173683167, 107.7732138633728, 119.96437859535217, 132.6520757675171, 144.38266706466675, 156.49290561676025, 178.20892763137817, 189.69217133522034, 194.90472888946533, 208.75925707817078, 222.815505027771, 234.7554326057434, 250.7232973575592, 259.30000853538513, 275.5268540382385, 291.9216592311859, 304.749130487442], [68.84861969947815, 80.89189457893372, 97.77646946907043, 107.58451747894287, 118.92275428771973, 133.29799795150757, 144.40623569488525, 160.17738008499146, 170.52341890335083, 186.30213356018066, 198.94429731369019, 212.7626495361328, 221.3651306629181, 241.65398454666138, 251.315842628479, 258.61086106300354, 270.5716722011566, 291.8260807991028, 297.17107033729553]], "nsga time": [[0.0, 0.9076809883117676, 1.7842752933502197, 2.6590688228607178, 3.5516836643218994, 4.428584575653076, 5.303380012512207, 6.164128065109253, 7.087254285812378, 7.962514638900757, 8.870395183563232, 9.762277841567993, 10.652851581573486, 11.543703556060791, 12.434501886367798, 13.30966329574585, 14.216917037963867, 15.076582670211792, 15.983063697814941, 16.938586235046387], [0.0, 1.9802289009094238, 3.7088441848754883, 4.710042238235474, 5.885250091552734, 6.854837656021118, 7.8096888065338135, 8.8795645236969, 9.938366889953613, 10.948895931243896, 12.312108039855957, 13.26504921913147, 14.204219341278076, 15.143553972244263, 16.46264624595642, 17.607768774032593, 18.639856100082397, 19.611435413360596, 20.56592583656311, 21.504544496536255], [0.0, 0.7186963558197021, 1.4376590251922607, 2.1565325260162354, 2.8592147827148438, 3.578528881072998, 4.29706597328186, 5.016051769256592, 5.73496675491333, 6.5074782371521, 7.22070050239563, 7.923659324645996, 8.65830135345459, 9.37729001045227, 10.080207109451294, 10.799156188964844, 11.518146514892578, 12.23991870880127, 12.943002939224243, 13.661942481994629], [0.0, 0.7191586494445801, 1.4380676746368408, 2.141061782836914, 2.8600127696990967, 3.563382387161255, 4.2819201946258545, 5.055686712265015, 5.768272638320923, 6.487403631210327, 7.205986499786377, 7.92505407333374, 8.628545761108398, 9.347084999084473, 10.067490339279175, 10.81777811050415, 11.630326509475708, 12.505457401275635, 13.224696636199951, 13.959319591522217], [0.0, 0.7187557220458984, 1.4221110343933105, 2.1406970024108887, 2.8599603176116943, 3.5631842613220215, 4.281761884689331, 5.001146078109741, 5.704141855239868, 6.424271583557129, 7.127272605895996, 7.84625506401062, 8.565216302871704, 9.283795833587646, 9.987076759338379, 10.706002235412598, 11.426051378250122, 12.14462947845459, 12.848083734512329, 13.566981315612793]]}