{"parego time": [[81.4847583770752, 93.53894209861755, 106.98391890525818, 123.66549825668335, 138.67154741287231, 148.21227836608887, 186.22860598564148, 181.19673657417297, 193.26547932624817, 206.9098060131073, 221.68120288848877, 240.1582224369049, 282.3608434200287, 275.0126793384552, 289.62927508354187, 300.3617880344391, 318.51660203933716, 325.7509787082672, 347.0524022579193], [77.88355946540833, 94.35200309753418, 108.36216974258423, 126.07028388977051, 141.19926381111145, 153.03376483917236, 166.89129185676575, 185.7601933479309, 193.84760284423828, 209.47596311569214, 222.94113755226135, 235.4904248714447, 251.85171222686768, 264.48944449424744, 286.8612103462219, 308.1144206523895, 316.6558928489685, 309.4763979911804, 307.2302210330963], [74.36694145202637, 84.39746069908142, 94.36205625534058, 111.89708948135376, 122.0263774394989, 131.2752547264099, 148.77629899978638, 157.47462439537048, 174.15886282920837, 193.22701907157898, 198.76451468467712, 220.74056911468506, 226.22236967086792, 237.7901599407196, 260.89855122566223, 272.448353767395, 284.7595031261444, 306.5719892978668, 299.55859780311584], [69.66044211387634, 83.38158631324768, 96.12515687942505, 109.8067455291748, 121.99681282043457, 131.7812008857727, 147.363361120224, 157.50644659996033, 173.21462392807007, 183.921644449234, 193.5129849910736, 213.11198353767395, 259.03642296791077, 317.47010469436646, 298.61053919792175, 269.3166153430939, 277.5476679801941, 283.68256163597107, 297.3650596141815], [70.6093692779541, 84.41758227348328, 95.60298776626587, 107.13229274749756, 119.72130155563354, 131.7467966079712, 150.27200555801392, 158.90850830078125, 176.61119961738586, 187.37411618232727, 207.65665483474731, 209.79606866836548, 226.10126161575317, 234.02935457229614, 247.51537656784058, 259.98504304885864, 279.07369089126587, 285.8655779361725, 302.39976501464844]], "nsga time": [[0.0, 1.2193231582641602, 2.4537227153778076, 3.4563965797424316, 4.739596843719482, 5.710099935531616, 6.694844961166382, 7.7110350131988525, 8.696635484695435, 9.588501691818237, 10.494954824447632, 11.638195514678955, 12.56346607208252, 13.736754894256592, 14.656405925750732, 15.567449808120728, 16.724917888641357, 17.725762605667114, 18.821431398391724, 19.91741371154785], [0.0, 1.207686424255371, 2.6451644897460938, 3.6765196323394775, 4.645403623580933, 5.646456241607666, 6.615437269210815, 7.664052724838257, 8.586163997650146, 9.742560863494873, 10.868138074874878, 11.83819031715393, 12.80667519569397, 13.948262214660645, 14.99638056755066, 16.02902364730835, 17.341795444488525, 18.341896772384644, 19.404462575912476, 20.482651710510254], [0.0, 0.7374374866485596, 1.4586918354034424, 2.198432207107544, 2.9968113899230957, 3.717280626296997, 4.486836910247803, 5.28689169883728, 6.017782688140869, 6.782470941543579, 7.5391552448272705, 8.28254771232605, 9.030077934265137, 9.755154371261597, 10.49375295639038, 11.23264217376709, 11.968170404434204, 12.69541597366333, 13.415400743484497, 14.160443305969238], [0.0, 0.7346374988555908, 1.4532241821289062, 2.1878514289855957, 2.9078428745269775, 3.658207416534424, 4.392746925354004, 5.111597299575806, 5.846045970916748, 6.580423355102539, 7.320350408554077, 8.081745624542236, 8.862804651260376, 9.581346035003662, 10.31635570526123, 11.052028179168701, 11.771268606185913, 12.506020307540894, 13.22460412979126, 13.962034463882446], [0.0, 0.7189366817474365, 1.4690608978271484, 2.187636613845825, 2.9065332412719727, 3.64202618598938, 4.361785411834717, 5.103424072265625, 5.863915205001831, 6.738595247268677, 7.613853454589844, 8.476810455322266, 9.307415962219238, 10.131414651870728, 10.961164474487305, 11.787574529647827, 12.626850605010986, 13.456349611282349, 14.281628847122192, 15.11862850189209]], "moea time": []}